config_n,config_k,instance_index,instance_seed,mzn_file,fzn_file,status,return_code,wall_time_s,AverageBacktrackAmount,AverageConflictSize,AverageLbd,AverageLearnedNogoodLength,NumUnitNogoodsLearned,failures,nodes,nogoods,peakDepth,propagations,propagators,restarts,solveTime,variables
10,5,0,42,experiments\instances\n10_k5\instance_n10_k5_0000.mzn,experiments\instances\n10_k5\instance_n10_k5_0000.fzn,ok,0,136.588,0,0,0,0,0,0,12,0,12,616,189,0,0.0001537,141
10,5,1,43,experiments\instances\n10_k5\instance_n10_k5_0001.mzn,experiments\instances\n10_k5\instance_n10_k5_0001.fzn,ok,0,0.513,0,6,6,7,0,1,16,1,15,665,199,0,0.0002716,149
10,5,2,44,experiments\instances\n10_k5\instance_n10_k5_0002.mzn,experiments\instances\n10_k5\instance_n10_k5_0002.fzn,ok,0,0.464,0,3,5.5,8,0,2,13,2,10,863,198,0,0.0002763,153
10,5,3,45,experiments\instances\n10_k5\instance_n10_k5_0003.mzn,experiments\instances\n10_k5\instance_n10_k5_0003.fzn,ok,0,0.422,0,3,9,14,0,2,23,2,21,917,193,0,0.0003424,149
10,5,4,46,experiments\instances\n10_k5\instance_n10_k5_0004.mzn,experiments\instances\n10_k5\instance_n10_k5_0004.fzn,ok,0,0.381,0,4.428571428571429,8.714285714285714,12.142857142857142,0,7,28,7,17,1270,199,0,0.0004566,149
10,7,0,42,experiments\instances\n10_k7\instance_n10_k7_0000.mzn,experiments\instances\n10_k7\instance_n10_k7_0000.fzn,ok,0,0.408,0,6,10,12.5,0,2,18,2,17,913,233,0,0.0003419,181
10,7,1,43,experiments\instances\n10_k7\instance_n10_k7_0001.mzn,experiments\instances\n10_k7\instance_n10_k7_0001.fzn,ok,0,0.397,0,0,0,0,0,0,11,0,11,757,233,0,0.0001147,181
10,7,2,44,experiments\instances\n10_k7\instance_n10_k7_0002.mzn,experiments\instances\n10_k7\instance_n10_k7_0002.fzn,ok,0,0.389,0,0,0,0,0,0,12,0,12,792,238,0,0.0001751,185
10,7,3,45,experiments\instances\n10_k7\instance_n10_k7_0003.mzn,experiments\instances\n10_k7\instance_n10_k7_0003.fzn,ok,0,0.444,0,5.2,7.2,12,0,5,28,5,19,1218,233,0,0.0004437,181
10,7,4,46,experiments\instances\n10_k7\instance_n10_k7_0004.mzn,experiments\instances\n10_k7\instance_n10_k7_0004.fzn,ok,0,0.418,0,5.75,7,14,0,4,29,4,17,1242,235,0,0.0004514,181
10,10,0,42,experiments\instances\n10_k10\instance_n10_k10_0000.mzn,experiments\instances\n10_k10\instance_n10_k10_0000.fzn,ok,0,0.404,0,2,9,15,0,1,12,1,12,903,258,0,0.0003039,201
10,10,1,43,experiments\instances\n10_k10\instance_n10_k10_0001.mzn,experiments\instances\n10_k10\instance_n10_k10_0001.fzn,ok,0,0.398,0,2,9,15,0,1,12,1,12,903,258,0,0.0003066,201
10,10,2,44,experiments\instances\n10_k10\instance_n10_k10_0002.mzn,experiments\instances\n10_k10\instance_n10_k10_0002.fzn,ok,0,0.395,0,2,9,15,0,1,12,1,12,903,258,0,0.0002691,201
10,10,3,45,experiments\instances\n10_k10\instance_n10_k10_0003.mzn,experiments\instances\n10_k10\instance_n10_k10_0003.fzn,ok,0,0.400,0,2,9,15,0,1,12,1,12,903,258,0,0.0002893,201
10,10,4,46,experiments\instances\n10_k10\instance_n10_k10_0004.mzn,experiments\instances\n10_k10\instance_n10_k10_0004.fzn,ok,0,0.397,0,2,9,15,0,1,12,1,12,903,258,0,0.0003607,201
20,5,0,42,experiments\instances\n20_k5\instance_n20_k5_0000.mzn,experiments\instances\n20_k5\instance_n20_k5_0000.fzn,ok,0,0.437,0,6.8631090487238975,14.878190255220417,26.230858468677493,0,862,1333,862,45,109735,419,0,0.0487775,305
20,5,1,43,experiments\instances\n20_k5\instance_n20_k5_0001.mzn,experiments\instances\n20_k5\instance_n20_k5_0001.fzn,ok,0,0.513,0,7.67905604719764,14.631858407079646,22.21710914454277,0,1695,3048,1695,48,239649,416,0,0.1215133,301
20,5,2,44,experiments\instances\n20_k5\instance_n20_k5_0002.mzn,experiments\instances\n20_k5\instance_n20_k5_0002.fzn,ok,0,0.399,0,5.625,11.305555555555555,17.27777777777778,0,72,132,72,28,10321,383,0,0.0030967,281
20,5,3,45,experiments\instances\n20_k5\instance_n20_k5_0003.mzn,experiments\instances\n20_k5\instance_n20_k5_0003.fzn,ok,0,0.425,0,5.155339805825243,12.262135922330097,17.684466019417474,0,206,399,206,37,28408,392,0,0.0102138,285
20,5,4,46,experiments\instances\n20_k5\instance_n20_k5_0004.mzn,experiments\instances\n20_k5\instance_n20_k5_0004.fzn,ok,0,0.619,0,10.072339382050025,14.240068661108387,25.691025012260912,1,4078,5359,4078,44,422456,401,0,0.2376841,289
20,7,0,42,experiments\instances\n20_k7\instance_n20_k7_0000.mzn,experiments\instances\n20_k7\instance_n20_k7_0000.fzn,ok,0,0.406,0,4.304347826086956,11.652173913043478,20.695652173913043,0,23,77,23,33,6071,497,0,0.0020647,369
20,7,1,43,experiments\instances\n20_k7\instance_n20_k7_0001.mzn,experiments\instances\n20_k7\instance_n20_k7_0001.fzn,ok,0,0.428,0,6.858187134502924,19.707602339181285,30.748538011695906,0,684,998,684,48,145565,542,0,0.0451579,405
20,7,2,44,experiments\instances\n20_k7\instance_n20_k7_0002.mzn,experiments\instances\n20_k7\instance_n20_k7_0002.fzn,ok,0,0.390,0,4,13.11111111111111,24.77777777777778,0,9,60,9,42,3762,508,0,0.0009559,381
20,7,3,45,experiments\instances\n20_k7\instance_n20_k7_0003.mzn,experiments\instances\n20_k7\instance_n20_k7_0003.fzn,ok,0,0.393,0,3.5454545454545454,8.181818181818182,14.818181818181818,0,11,42,11,30,3125,479,0,0.000861,361
20,7,4,46,experiments\instances\n20_k7\instance_n20_k7_0004.mzn,experiments\instances\n20_k7\instance_n20_k7_0004.fzn,ok,0,0.381,0,5.282051282051282,11.153846153846153,20.05128205128205,0,39,102,39,36,6970,490,0,0.0020682,365
20,10,0,42,experiments\instances\n20_k10\instance_n20_k10_0000.mzn,experiments\instances\n20_k10\instance_n20_k10_0000.fzn,ok,0,0.439,0,9.927536231884059,21.50966183574879,44.03864734299517,0,414,575,414,48,75787,660,0,0.0331693,509
20,10,1,43,experiments\instances\n20_k10\instance_n20_k10_0001.mzn,experiments\instances\n20_k10\instance_n20_k10_0001.fzn,ok,0,0.438,0,8,16.53846153846154,39.73076923076923,0,26,64,26,32,9296,691,0,0.0034843,529
20,10,2,44,experiments\instances\n20_k10\instance_n20_k10_0002.mzn,experiments\instances\n20_k10\instance_n20_k10_0002.fzn,ok,0,0.404,0,7.653846153846154,12.615384615384615,21.884615384615383,0,26,66,26,27,6734,668,0,0.0024365,525
20,10,3,45,experiments\instances\n20_k10\instance_n20_k10_0003.mzn,experiments\instances\n20_k10\instance_n20_k10_0003.fzn,ok,0,0.442,0,7.217391304347826,18.347826086956523,35.13913043478261,0,115,289,115,43,21683,628,0,0.0072219,493
20,10,4,46,experiments\instances\n20_k10\instance_n20_k10_0004.mzn,experiments\instances\n20_k10\instance_n20_k10_0004.fzn,ok,0,0.375,0,0,0,0,0,0,41,0,41,2380,651,0,0.000291,497
30,5,0,42,experiments\instances\n30_k5\instance_n30_k5_0000.mzn,experiments\instances\n30_k5\instance_n30_k5_0000.fzn,ok,0,0.900,0,8.47827661115134,16.46451846488052,28.180304127443883,0,5524,8679,5524,51,897274,641,0,0.501345,461
30,5,1,43,experiments\instances\n30_k5\instance_n30_k5_0001.mzn,experiments\instances\n30_k5\instance_n30_k5_0001.fzn,ok,0,0.766,0,9.610474631751227,15.06242693476736,28.563712882861818,0,4277,6012,4277,51,627326,622,0,0.3381533,449
30,5,2,44,experiments\instances\n30_k5\instance_n30_k5_0002.mzn,experiments\instances\n30_k5\instance_n30_k5_0002.fzn,ok,0,0.745,0,9.085144927536232,16.90812629399586,29.1601966873706,0,3864,6635,3864,63,569832,612,0,0.2984862,441
30,5,3,45,experiments\instances\n30_k5\instance_n30_k5_0003.mzn,experiments\instances\n30_k5\instance_n30_k5_0003.fzn,ok,0,0.667,0,9.233828059367124,17.087090450854102,28.01792215065808,2,3571,5938,3571,73,466055,614,0,0.2451207,441
30,5,4,46,experiments\instances\n30_k5\instance_n30_k5_0004.mzn,experiments\instances\n30_k5\instance_n30_k5_0004.fzn,ok,0,0.491,0,5.074468085106383,8.98404255319149,14.191489361702128,0,188,334,188,40,23947,621,0,0.0076178,445
30,7,0,42,experiments\instances\n30_k7\instance_n30_k7_0000.mzn,experiments\instances\n30_k7\instance_n30_k7_0000.fzn,ok,0,0.476,0,7.3428571428571425,19.13015873015873,36.80952380952381,0,315,619,315,62,72644,812,0,0.0281068,601
30,7,1,43,experiments\instances\n30_k7\instance_n30_k7_0001.mzn,experiments\instances\n30_k7\instance_n30_k7_0001.fzn,ok,0,0.474,0,8.85029239766082,19.876023391812865,35.85730994152047,0,855,1415,855,69,133514,782,0,0.0582702,577
30,7,2,44,experiments\instances\n30_k7\instance_n30_k7_0002.mzn,experiments\instances\n30_k7\instance_n30_k7_0002.fzn,ok,0,0.458,0,7.496263079222721,19.391629297458895,32.110612855007474,0,669,958,669,64,152468,786,0,0.0473716,585
30,7,3,45,experiments\instances\n30_k7\instance_n30_k7_0003.mzn,experiments\instances\n30_k7\instance_n30_k7_0003.fzn,ok,0,0.418,0,4.363636363636363,12.545454545454545,16.454545454545453,0,11,62,11,46,6270,771,0,0.0015219,573
30,7,4,46,experiments\instances\n30_k7\instance_n30_k7_0004.mzn,experiments\instances\n30_k7\instance_n30_k7_0004.fzn,ok,0,0.478,0,6.815366972477064,15.238532110091743,25.142201834862384,0,872,1700,872,75,158446,787,0,0.0520917,581
30,10,0,42,experiments\instances\n30_k10\instance_n30_k10_0000.mzn,experiments\instances\n30_k10\instance_n30_k10_0000.fzn,ok,0,0.464,0,7.296296296296297,17.77777777777778,37.44444444444444,0,27,103,27,58,12210,1026,0,0.0032512,777
30,10,1,43,experiments\instances\n30_k10\instance_n30_k10_0001.mzn,experiments\instances\n30_k10\instance_n30_k10_0001.fzn,ok,0,1.805,0,23.877943195016364,28.829690634568685,68.40682082145497,0,9471,13856,9471,76,1583910,1066,0,1.373254,809
30,10,2,44,experiments\instances\n30_k10\instance_n30_k10_0002.mzn,experiments\instances\n30_k10\instance_n30_k10_0002.fzn,ok,0,0.623,0,14.302006335797255,23.843189017951424,52.27455121436114,0,1894,2783,1894,78,350362,1019,0,0.1973815,781
30,10,3,45,experiments\instances\n30_k10\instance_n30_k10_0003.mzn,experiments\instances\n30_k10\instance_n30_k10_0003.fzn,ok,0,0.439,0,7.724425887265136,18.03757828810021,31.402922755741127,0,479,735,479,59,100142,983,0,0.0335299,757
30,10,4,46,experiments\instances\n30_k10\instance_n30_k10_0004.mzn,experiments\instances\n30_k10\instance_n30_k10_0004.fzn,ok,0,0.955,0,13.302348529701993,26.07164002368265,56.20840734162226,0,5067,6370,5067,67,849500,1004,0,0.5472923,761
40,5,0,42,experiments\instances\n40_k5\instance_n40_k5_0000.mzn,experiments\instances\n40_k5\instance_n40_k5_0000.fzn,ok,0,9.539,0,12.45581464428932,21.86439922768454,38.69614478793151,10,47131,70310,47131,117,6938049,846,24,9.0327706,605
40,5,1,43,experiments\instances\n40_k5\instance_n40_k5_0001.mzn,experiments\instances\n40_k5\instance_n40_k5_0001.fzn,ok,0,1.054,0,8.088312045048758,20.588518060705947,28.38154099711578,0,7281,13286,7281,95,1262304,780,0,0.6095866,557
40,5,2,44,experiments\instances\n40_k5\instance_n40_k5_0002.mzn,experiments\instances\n40_k5\instance_n40_k5_0002.fzn,ok,0,0.998,0,7.888780328936655,17.103891874287577,30.31330402214623,1,6141,9517,6141,94,1227877,826,0,0.5553012,589
40,5,3,45,experiments\instances\n40_k5\instance_n40_k5_0003.mzn,experiments\instances\n40_k5\instance_n40_k5_0003.fzn,ok,0,2.905,0,8.345262377155573,14.622028555534953,24.620470980901167,4,26965,39453,26965,105,3932904,821,25,2.446981,585
40,5,4,46,experiments\instances\n40_k5\instance_n40_k5_0004.mzn,experiments\instances\n40_k5\instance_n40_k5_0004.fzn,ok,0,10.569,0,9.316904888270713,17.474003038011748,30.68809135996779,23,54641,92387,54641,122,8206796,854,118,10.0370769,613
40,7,0,42,experiments\instances\n40_k7\instance_n40_k7_0000.mzn,experiments\instances\n40_k7\instance_n40_k7_0000.fzn,ok,0,0.471,0,6.831325301204819,27.10843373493976,42.66265060240964,0,83,213,83,71,31515,1107,0,0.0082666,817
40,7,1,43,experiments\instances\n40_k7\instance_n40_k7_0001.mzn,experiments\instances\n40_k7\instance_n40_k7_0001.fzn,ok,0,2.082,0,11.695751717120325,23.745442211481386,41.013312982277625,0,11793,17065,11793,87,3292440,1019,2,1.5906161,753
40,7,2,44,experiments\instances\n40_k7\instance_n40_k7_0002.mzn,experiments\instances\n40_k7\instance_n40_k7_0002.fzn,ok,0,24.648,0,10.422814423028022,18.449788943701368,35.85899404973809,23,98315,179047,98315,159,13911693,1011,303,24.1217208,745
40,7,3,45,experiments\instances\n40_k7\instance_n40_k7_0003.mzn,experiments\instances\n40_k7\instance_n40_k7_0003.fzn,ok,0,34.649,0,11.814480420916862,18.723368278660804,37.83604533192818,23,127151,241983,127151,167,18337342,1040,452,34.0711576,765
40,7,4,46,experiments\instances\n40_k7\instance_n40_k7_0004.mzn,experiments\instances\n40_k7\instance_n40_k7_0004.fzn,ok,0,0.466,0,9.549828178694158,21.896907216494846,43.64604810996563,0,582,1298,582,99,126623,1058,0,0.0490079,781
40,10,0,42,experiments\instances\n40_k10\instance_n40_k10_0000.mzn,experiments\instances\n40_k10\instance_n40_k10_0000.fzn,ok,0,25.983,0,14.061112564230207,24.947831149435956,54.23132156025616,19,118519,257118,118519,290,21351028,1431,302,25.4974438,1081
40,10,1,43,experiments\instances\n40_k10\instance_n40_k10_0001.mzn,experiments\instances\n40_k10\instance_n40_k10_0001.fzn,ok,0,9.287,0,16.913266992859032,26.216890372917216,59.55902869611214,3,60496,97611,60496,232,9659987,1359,53,8.8253558,1025
40,10,2,44,experiments\instances\n40_k10\instance_n40_k10_0002.mzn,experiments\instances\n40_k10\instance_n40_k10_0002.fzn,ok,0,0.474,0,8.764331210191083,20.43312101910828,41.32484076433121,0,157,412,157,99,40713,1333,0,0.0134222,1009
40,10,3,45,experiments\instances\n40_k10\instance_n40_k10_0003.mzn,experiments\instances\n40_k10\instance_n40_k10_0003.fzn,ok,0,0.535,0,9.43142857142857,25.451428571428572,45.56285714285714,0,350,667,350,78,107126,1376,0,0.0324468,1045
40,10,4,46,experiments\instances\n40_k10\instance_n40_k10_0004.mzn,experiments\instances\n40_k10\instance_n40_k10_0004.fzn,ok,0,15.615,0,14.701456247222149,25.57914368131629,54.908023739182724,8,114747,214278,114747,241,19150247,1357,211,15.1322126,1025
50,5,0,42,experiments\instances\n50_k5\instance_n50_k5_0000.mzn,experiments\instances\n50_k5\instance_n50_k5_0000.fzn,ok,0,7.406,0,9.800266055486993,17.01758210055615,33.0830381613322,41,62393,120313,62393,154,9152493,1049,155,6.9425805,749
50,5,1,43,experiments\instances\n50_k5\instance_n50_k5_0001.mzn,experiments\instances\n50_k5\instance_n50_k5_0001.fzn,ok,0,7.819,0,8.443745294944817,13.960669289660952,24.71100663324006,44,70403,147394,70403,130,11187860,1024,243,7.354894,729
50,5,2,44,experiments\instances\n50_k5\instance_n50_k5_0002.mzn,experiments\instances\n50_k5\instance_n50_k5_0002.fzn,ok,0,1.420,0,10.148302872062663,18.55395996518712,33.431853785900785,5,11490,17812,11490,105,1675287,1047,1,1.0160978,749
50,5,3,45,experiments\instances\n50_k5\instance_n50_k5_0003.mzn,experiments\instances\n50_k5\instance_n50_k5_0003.fzn,ok,0,6.910,0,8.754005185706681,14.874444081941034,26.632295619623264,34,58237,112673,58237,133,9557745,1022,173,6.4827363,729
50,5,4,46,experiments\instances\n50_k5\instance_n50_k5_0004.mzn,experiments\instances\n50_k5\instance_n50_k5_0004.fzn,ok,0,26.187,0,9.671489651443391,16.02928836776177,28.87366450049565,41,99869,175075,99869,134,15453839,1039,196,25.704297,741
50,7,0,42,experiments\instances\n50_k7\instance_n50_k7_0000.mzn,experiments\instances\n50_k7\instance_n50_k7_0000.fzn,ok,0,14.827,0,12.841581407511523,21.5640342562024,44.101134246396235,32,61186,139600,61186,212,10550127,1350,159,14.2971543,993
50,7,1,43,experiments\instances\n50_k7\instance_n50_k7_0001.mzn,experiments\instances\n50_k7\instance_n50_k7_0001.fzn,ok,0,37.095,0,11.198102868652162,19.095671104660635,37.54511795980629,37,135046,306683,135046,210,22224241,1279,552,36.5888602,941
50,7,2,44,experiments\instances\n50_k7\instance_n50_k7_0002.mzn,experiments\instances\n50_k7\instance_n50_k7_0002.fzn,ok,0,8.111,0,10.756371922898282,20.034646423594985,37.1467138875987,33,68896,120176,68896,181,10045225,1277,111,7.6662026,933
50,7,3,45,experiments\instances\n50_k7\instance_n50_k7_0003.mzn,experiments\instances\n50_k7\instance_n50_k7_0003.fzn,timeout,-1,300.000,,,,,,,,,,,,,,
50,7,4,46,experiments\instances\n50_k7\instance_n50_k7_0004.mzn,experiments\instances\n50_k7\instance_n50_k7_0004.fzn,ok,0,17.975,0,11.024599957651471,19.970219909858134,39.08134698569225,32,132236,300336,132236,217,22089508,1297,503,17.3528471,949
50,10,0,42,experiments\instances\n50_k10\instance_n50_k10_0000.mzn,experiments\instances\n50_k10\instance_n50_k10_0000.fzn,ok,0,10.220,0,19.443891835492565,30.599965220415616,67.98010607773237,7,57505,113981,57505,299,10406826,1809,54,9.7321816,1365
50,10,1,43,experiments\instances\n50_k10\instance_n50_k10_0001.mzn,experiments\instances\n50_k10\instance_n50_k10_0001.fzn,ok,0,2.126,0,18.068699306166323,32.30176878725691,64.47170917619466,0,10233,15946,10233,124,2039878,1737,0,1.6185679,1309
50,10,2,44,experiments\instances\n50_k10\instance_n50_k10_0002.mzn,experiments\instances\n50_k10\instance_n50_k10_0002.fzn,ok,0,35.286,0,12.63827445715802,22.318313794664462,46.35940743978396,18,128122,314724,128122,276,22599896,1647,404,34.6841836,1237
50,10,3,45,experiments\instances\n50_k10\instance_n50_k10_0003.mzn,experiments\instances\n50_k10\instance_n50_k10_0003.fzn,ok,0,26.971,0,12.812923157166214,22.664142351324514,44.173355266457364,12,99697,278421,99697,297,18932900,1730,359,26.3233492,1305
50,10,4,46,experiments\instances\n50_k10\instance_n50_k10_0004.mzn,experiments\instances\n50_k10\instance_n50_k10_0004.fzn,ok,0,59.983,0,14.917838956827632,24.683338701680352,53.87813369717456,16,276311,676393,276311,289,51139094,1710,794,59.3354305,1289
